StnID,Lattitude,Longitude,Elev,State/Prov,Name,WMO_ID,Sample_Int,UTC_Offset,POR_Date_R,PCT_POR_Go,Last_Half_,PCT_Last_H,Last_Qtr_P,PCT_Last_Q
USC00012172,30.250499999999999,-88.077500000000001,2.400000000000000,AL,DAUPHIN ISLAND #2,,"15","-6",19750801-20191002,91.80%,19970831-20191002,88.50%,20080915-20191002,89.10%
USC00040321,35.184399999999997,-120.397999999999996,282.500000000000000,CA,ARROYO GRANDE 11 ENE,,"15","-8",19940107-20191022,88.40%,20061129-20191022,91.70%,20130511-20191022,98.90%
USC00040322,36.235500000000002,-121.480000000000004,286.500000000000000,CA,ARROYO SECO,,"15","-8",19481201-20180430,88.10%,19830816-20180430,82.10%,20001222-20180430,91.80%
USC00040790,36.247199999999999,-121.780199999999994,61.000000000000000,CA,BIG SUR STATION,,"15","-8",19961202-20190910,81.00%,20080421-20190910,90.20%,20131230-20190910,89.20%
USC00041005,37.142200000000003,-122.196299999999994,662.899999999999977,CA,BOULDER CR LOCAT RCH,,"15","-8",19480701-20190917,94.30%,19840208-20190917,91.90%,20011127-20190917,92.00%
USC00041142,35.798900000000003,-121.093900000000005,281.899999999999977,CA,BRYSON,,"15","-8",19480701-20190529,92.30%,19831214-20190529,87.10%,20010905-20190529,91.10%
USC00041194,34.186599999999999,-118.347999999999999,199.599999999999994,CA,BURBANK VALLEY PUMP PLANT,,"15","-8",19480701-20190930,92.90%,19840214-20190930,87.10%,20011207-20190930,87.80%
USC00042048,36.989699999999999,-121.805000000000007,82.299999999999997,CA,CORRALITOS,,"15","-8",19580415-20191001,75.60%,19890106-20191001,82.00%,20040519-20191001,77.50%
USC00042239,32.989699999999999,-116.587199999999996,1414.299999999999955,CA,CUYAMACA,,"15","-8",19670822-20190531,81.30%,19930711-20190531,66.30%,20060620-20190531,59.80%
USC00042749,41.988000000000000,-123.718299999999999,520.600000000000023,CA,ELK VALLEY,,"15","-8",19710501-20181031,79.70%,19950130-20181031,73.60%,20061215-20181031,67.00%
USC00042935,38.287999999999997,-122.034400000000005,33.500000000000000,CA,FAIRFIELD 3 NNE,,"15","-8",19720201-20190930,91.60%,19951201-20190930,92.60%,20071031-20190930,94.80%
USC00043161,39.509099999999997,-123.756600000000006,37.500000000000000,CA,FORT BRAGG 5 N,,"15","-8",19480701-20190831,80.90%,19840130-20190831,70.90%,20011114-20190831,66.10%
USC00043357,41.845199999999998,-123.964699999999993,118.000000000000000,CA,GASQUET RS,,"15","-8",19710301-20190930,82.40%,19950615-20190930,81.90%,20070807-20190930,84.10%
USC00043402,34.522500000000001,-119.682199999999995,474.899999999999977,CA,GIBRALTAR DAM NO. 2,,"15","-8",19700501-20190930,95.00%,19950114-20190930,94.50%,20070523-20190930,94.30%
USC00043417,37.003000000000000,-121.560800000000000,59.100000000000001,CA,GILROY,,"15","-8",20190401-20190909,84.00%,20190620-20190909,93.90%,20190730-20190909,88.10%
USC00043419,37.032699999999998,-121.431600000000003,320.000000000000000,CA,GILROY 8 NE,,"15","-8",19480701-20190930,92.00%,19840214-20190930,86.40%,20011207-20190930,91.90%
USC00043647,40.486300000000000,-123.908799999999999,125.900000000000006,CA,GRIZZLY CREEK STATE PARK,,"15","-8",19950702-20121027,66.10%,20040228-20121027,67.70%,20080628-20121027,78.80%
USC00044025,36.848300000000002,-121.421300000000002,83.799999999999997,CA,HOLLISTER 2,,"15","-8",19480701-20191001,85.60%,19840215-20191001,76.10%,20011208-20191001,91.50%
USC00044074,40.237499999999997,-124.132199999999997,113.700000000000003,CA,HONEYDEW 1 SW,,"15","-8",19710701-20191006,66.30%,19950818-20191006,65.80%,20070911-20191006,78.80%
USC00044587,40.642200000000003,-123.914900000000003,744.600000000000023,CA,KNEELAND 10 SSE,,"15","-8",19540617-20190901,84.70%,19870123-20190901,78.00%,20030513-20190901,84.10%
USC00044883,39.874400000000001,-123.720500000000001,214.300000000000011,CA,LEGGETT,,"15","-8",19720801-20190811,59.90%,19960205-20190811,63.10%,20071108-20190811,69.00%
USC00045184,35.878000000000000,-121.449700000000007,108.200000000000003,CA,LUCIA WILLOW SPRINGS,,"15","-8",19480701-20190910,88.90%,19840204-20190910,79.30%,20011122-20190910,77.70%
USC00045711,40.181600000000003,-123.776100000000000,81.099999999999994,CA,MIRANDA 4 SE,,"15","-8",19650101-20190828,84.50%,19920430-20190828,79.00%,20051228-20190828,76.00%
USC00045802,36.592700000000001,-121.855500000000006,37.200000000000003,CA,MONTEREY WFO,,"15","-8",19950701-20190202,96.90%,20070417-20190202,99.00%,20130310-20190202,99.50%
USC00045853,37.136299999999999,-121.602500000000006,114.299999999999997,CA,MORGAN HILL,,"15","-8",19480701-20190906,88.70%,19840202-20190906,87.10%,20011119-20190906,93.10%
USC00045996,37.902700000000003,-122.603300000000004,446.500000000000000,CA,MOUNT TAMALPAIS 2 SW,,"15","-8",19590625-20181001,84.80%,19890211-20181001,85.20%,20031207-20181001,82.40%
USC00046105,39.173900000000003,-123.564700000000002,51.200000000000003,CA,NAVARRO 1 NW,,"15","-8",19580201-20190530,83.20%,19880930-20190530,81.00%,20040129-20190530,80.50%
USC00046577,34.682499999999997,-119.352999999999994,1090.299999999999955,CA,OZENA GUARD STATION,,"15","-8",19721121-20191002,90.40%,19960427-20191002,92.30%,20080114-20191002,89.30%
USC00046730,35.627699999999997,-120.685500000000005,222.500000000000000,CA,PASO ROBLES,,"15","-8",19760913-20190930,94.10%,19980323-20190930,90.10%,20081225-20190930,98.00%
USC00046826,38.257700000000000,-122.607699999999994,6.100000000000000,CA,PETALUMA AIRPORT,,"15","-8",19640603-20190930,82.90%,19920131-20190930,79.50%,20051130-20190930,78.10%
USC00046910,34.610199999999999,-119.366600000000005,1286.299999999999955,CA,PINE MOUNTAIN INN,,"15","-8",19650120-20130430,89.40%,19890311-20130430,89.90%,20010405-20130430,83.40%
USC00047342,40.906900000000000,-123.814700000000002,269.100000000000023,CA,REDWOOD CREEK O'KANE,,"15","-8",19750214-20181028,64.00%,19961221-20181028,68.00%,20071124-20181028,76.70%
USC00047646,38.493000000000002,-122.538300000000007,542.500000000000000,CA,SAINT HELENA 4 WSW,,"15","-8",19480701-20190930,83.40%,19840214-20190930,74.90%,20011207-20190930,86.40%
USC00047851,35.305599999999998,-120.661900000000003,93.900000000000006,CA,SAN LUIS OBISPO POLY,,"15","-8",19480701-20191002,84.00%,19840215-20191002,76.90%,20011208-20191002,74.80%
USC00047902,34.416699999999999,-119.684399999999997,4.900000000000000,CA,SANTA BARBARA,,"15","-8",19480701-20191014,90.90%,19840221-20191014,88.80%,20011217-20191014,87.50%
USC00048072,38.408600000000000,-122.821100000000001,20.699999999999999,CA,SEBASTOPOL,,"15","-8",19480701-20190930,92.40%,19840214-20190930,91.60%,20011207-20190930,93.70%
USC00048261,34.283799999999999,-118.811899999999994,201.199999999999989,CA,SIMI SANITATION PLANT,,"15","-8",19751031-20131106,89.60%,19941103-20131106,90.30%,20040505-20131106,91.50%
USC00048680,36.897500000000001,-121.834699999999998,24.399999999999999,CA,SUNSET STATE BEACH,,"15","-8",19561120-20190930,91.60%,19880425-20190930,93.90%,20040112-20190930,97.00%
USC00048885,38.803800000000003,-122.812700000000007,530.399999999999977,CA,THE GEYSERS,,"15","-8",19480701-20191006,89.10%,19840217-20191006,83.70%,20011211-20191006,92.50%
USC00049273,38.608600000000003,-123.018000000000001,384.000000000000000,CA,VENADO,,"15","-8",19480701-20190502,86.30%,19831201-20190502,78.30%,20010816-20190502,86.80%
USC00068330,41.693100000000001,-73.060000000000002,164.000000000000000,CT,THOMASTON DAM,,"15","-5",19610914-20170831,82.30%,19890907-20170831,74.60%,20030904-20170831,62.80%
USC00076410,39.668199999999999,-75.745699999999999,32.299999999999997,DE,NEWARK AG FARM,,"15","-5",19560801-20190902,72.10%,19880216-20190902,56.60%,20031124-20190902,67.60%
USC00080845,26.367599999999999,-80.110699999999994,9.100000000000000,FL,BOCA RATON,,"15","-5",19420101-20190930,83.90%,19801115-20190930,83.00%,20000423-20190930,74.30%
USC00081048,28.481100000000001,-82.435299999999998,20.399999999999999,FL,BROOKSVILLE 7 SSW,,"15","-5",19720128-20191103,97.70%,19951216-20191103,98.00%,20071124-20191103,99.00%
USC00082008,29.633299999999998,-83.105300000000000,12.800000000000001,FL,CROSS CITY 1 E,,"15","-5",19660627-20190930,86.70%,19930211-20190930,85.20%,20060606-20190930,89.00%
USC00082229,29.066700000000001,-81.283299999999997,8.800000000000001,FL,DELAND 3 NE,,"15","-5",19860221-20191103,87.90%,20021228-20191103,93.00%,20110601-20191103,95.30%
USC00082391,30.249700000000001,-83.259399999999999,16.500000000000000,FL,DOWLING PARK 1 W,,"15","-5",19440804-20181104,81.00%,19810919-20181104,78.40%,20000412-20181104,69.60%
USC00084095,25.501100000000001,-80.549999999999997,2.700000000000000,FL,HOMESTEAD GEN AVIATION AP,,"15","-5",19950701-20191008,82.90%,20070819-20191008,89.60%,20130912-20191008,98.40%
USC00084273,29.024799999999999,-82.615700000000004,9.100000000000000,FL,INGLIS 3 E,,"15","-5",19420101-20191104,93.70%,19801202-20191104,91.10%,20000519-20191104,88.20%
USC00085391,29.670000000000002,-81.215000000000003,1.500000000000000,FL,MARINELAND,,"15","-5",19420101-20160531,92.90%,19790317-20160531,91.10%,19971023-20160531,90.00%
USC00085612,28.113600000000002,-80.653999999999996,10.699999999999999,FL,MELBOURNE WFO,,"15","-5",19420101-20191031,94.80%,19801130-20191031,94.50%,20000516-20191031,96.80%
USC00085880,30.440500000000000,-83.985799999999998,66.799999999999997,FL,MONTICELLO 10 SW,,"15","-5",20070801-20190930,88.50%,20130830-20190930,88.00%,20160914-20190930,93.70%
USC00086240,30.531600000000001,-86.492800000000003,18.300000000000001,FL,NICEVILLE,,"15","-6",19500701-20190930,88.60%,19850213-20190930,82.70%,20020607-20190930,89.60%
USC00086842,30.249099999999999,-85.660499999999999,1.500000000000000,FL,PANAMA CITY 5N,,"15","-6",19711201-20190930,86.90%,19951031-20190930,80.20%,20071015-20190930,80.60%
USC00087886,27.783300000000001,-82.633300000000006,10.699999999999999,FL,ST PETERSBURG,,"15","-5",19460201-20150101,91.10%,19800717-20150101,85.20%,19971009-20150101,79.60%
USC00088782,27.705300000000001,-82.400899999999993,12.199999999999999,FL,TAMPA BAY AREA WFO,"72210","15","-5",20150201-20191031,95.70%,20170616-20191031,91.70%,20180823-20191031,83.40%
USC00088841,25.006900000000002,-80.521100000000004,1.500000000000000,FL,TAVERNIER,,"15","-5",19980701-20191001,79.40%,20090214-20191001,93.20%,20140608-20191001,99.40%
USC00089176,27.100600000000000,-82.436400000000006,2.400000000000000,FL,VENICE,,"15","-5",19420101-20191031,88.50%,19801130-20191031,86.90%,20000516-20191031,88.40%
USC00089219,27.652699999999999,-80.403000000000006,6.100000000000000,FL,VERO BEACH  4SE,,"15","-5",19650501-20191018,86.30%,19920724-20191018,76.90%,20060306-20191018,71.80%
USC00089415,30.632300000000001,-85.597600000000000,45.700000000000003,FL,WAUSAU,,"15","-6",19650801-20180904,79.20%,19920217-20180904,84.60%,20050527-20180904,94.50%
USC00089795,30.721900000000002,-84.874099999999999,32.600000000000001,FL,WOODRUFF DAM,,"15","-5",19560401-20190930,82.70%,19871231-20190930,70.90%,20031115-20190930,58.40%
USC00093460,30.799700000000001,-82.031300000000002,9.100000000000000,GA,FOLKSTON 3 SW,,"15","-5",19480701-20161201,90.60%,19820916-20161201,85.10%,19991024-20161201,89.80%
USC00094671,31.608100000000000,-81.879700000000000,30.500000000000000,GA,JESUP,,"15","-5",19480601-20191007,89.20%,19840203-20191007,86.60%,20011205-20191007,83.20%
USC00111577,41.737200000000001,-87.777500000000003,189.000000000000000,IL,CHICAGO MIDWAY AP 3SW,,"15","-6",19480701-20190831,95.50%,19840130-20190831,93.70%,20011114-20190831,92.60%
USC00112011,41.449199999999998,-87.622100000000003,216.400000000000006,IL,CRETE,,"15","-6",19480701-20190903,87.50%,19840201-20190903,90.00%,20011117-20190903,87.00%
USC00115493,42.350000000000001,-88.266700000000000,228.900000000000006,IL,MC HENRY,,"15","-6",19480701-20190828,85.80%,19840129-20190828,77.80%,20011112-20190828,80.40%
USC00124837,41.611600000000003,-86.729699999999994,246.599999999999994,IN,LAPORTE,,"15","-6",19780401-20190901,79.60%,19981216-20190901,75.80%,20090424-20190901,76.30%
USC00128992,41.543599999999998,-87.031899999999993,264.899999999999977,IN,VALPARAISO 5NNE,,"15","-6",20051203-20140430,84.10%,20100215-20140430,99.90%,20120323-20140430,99.90%
USC00164700,30.200199999999999,-92.664100000000005,7.600000000000000,LA,JENNINGS,,"15","-6",19700301-20100501,76.60%,19900331-20100501,71.70%,20000415-20100501,47.10%
USC00165021,30.219100000000001,-92.064999999999998,7.600000000000000,LA,LAFAYETTE,,"15","-6",19520310-20100508,86.10%,19810408-20100508,74.10%,19951023-20100508,54.40%
USC00166394,29.683299999999999,-91.176100000000005,1.500000000000000,LA,MORGAN CITY,,"15","-6",19471001-20100617,83.10%,19790207-20100617,69.80%,19941012-20100617,50.00%
USW00012930,29.916599999999999,-90.130200000000002,6.100000000000000,LA,NEW ORLEANS AUDUBON,,"15","-6",19630101-20170430,93.20%,19900301-20170430,92.50%,20030930-20170430,91.00%
USC00168539,30.250000000000000,-89.766700000000000,3.000000000000000,LA,SLIDELL WSFO,,"15","-6",19740408-20171001,84.70%,19960104-20171001,75.70%,20061117-20171001,56.90%
USC00169013,29.754700000000000,-90.774799999999999,4.600000000000000,LA,THIBODAUX 4 SE,,"15","-6",20111231-20190401,45.50%,20150816-20190401,73.80%,20170608-20190401,75.40%
USC00170100,44.373800000000003,-68.259100000000004,143.300000000000011,ME,ACADIA NATIONAL PARK,,"15","-5",19820907-20120703,86.80%,19970805-20120703,82.30%,20050118-20120703,83.90%
USC00173261,45.177599999999998,-67.774199999999993,88.400000000000006,ME,GRAND LAKE STREAM,,"15","-5",19480501-20190930,87.20%,19840115-20190930,89.10%,20011122-20190930,85.90%
USC00175285,44.538899999999998,-67.880099999999999,8.500000000000000,ME,MILBRIDGE,,"15","-5",20100525-20191007,97.40%,20150130-20191007,96.40%,20170603-20191007,93.60%
USC00177255,44.103000000000002,-69.115700000000004,10.699999999999999,ME,ROCKLAND,,"15","-5",19481201-20180526,87.70%,19830829-20180526,84.90%,20010110-20180526,77.20%
USW00013701,39.471600000000002,-76.169700000000006,17.399999999999999,MD,ABERDEEN PHILLIPS FLD,,"15","-5",19480501-20190930,40.20%,19840115-20190930,58.20%,20011122-20190930,48.90%
USC00180700,39.030200000000001,-76.931500000000000,44.200000000000003,MD,BELTSVILLE,,"15","-5",19480501-20190930,91.00%,19840115-20190930,87.40%,20011122-20190930,89.30%
USC00185934,39.719400000000000,-76.802700000000002,262.100000000000023,MD,MILLERS 4 NE,,"15","-5",19880310-20190930,89.10%,20031220-20190930,91.90%,20111109-20190930,86.60%
USC00200089,46.644799999999996,-88.481200000000001,399.300000000000011,MI,ALBERTA FORD FOR CENTER,,"15","-5",19911101-20191008,62.20%,20051019-20191008,74.30%,20121013-20191008,99.30%
USC00200662,44.975800000000000,-85.197999999999993,190.500000000000000,MI,BELLAIRE,,"15","-5",19480701-20191103,92.20%,19840302-20191103,94.30%,20020101-20191103,98.50%
USC00200766,46.886400000000002,-87.863900000000001,185.300000000000011,MI,BIG BAY 8 NW,,"15","-5",19610427-20190930,81.20%,19900714-20190930,87.50%,20050220-20190930,93.30%
USC00201088,46.534500000000001,-89.183899999999994,345.899999999999977,MI,BRUCE CROSSING,,"15","-5",19780814-20191014,78.60%,19990315-20191014,76.60%,20090629-20191014,96.10%
USC00201361,43.586100000000002,-83.180499999999995,212.800000000000011,MI,CASS CITY 1 SSW,,"15","-5",19921103-20191008,88.20%,20060421-20191008,94.10%,20130113-20191008,99.70%
USC00201486,46.341400000000000,-86.924199999999999,265.199999999999989,MI,CHATHAM EXPERIMENT FARM 2,,"15","-5",19880802-20190930,79.50%,20040301-20190930,94.00%,20111215-20190930,98.80%
USC00201780,47.467900000000000,-87.867099999999994,190.500000000000000,MI,COPPER HARBOR FORT WILKINS,,"15","-5",19480701-20190930,75.50%,19840214-20190930,62.30%,20011207-20190930,72.70%
USC00202094,45.998300000000000,-83.901300000000006,181.400000000000006,MI,DETOUR VILLAGE,,"15","-5",19520819-20191104,89.70%,19860328-20191104,86.20%,20030115-20191104,98.00%
USC00202598,46.128000000000000,-85.569599999999994,208.800000000000011,MI,ENGADINE MDOT,,"15","-5",20140813-20191104,96.90%,20170324-20191104,93.90%,20180714-20191104,99.80%
USW00014824,45.743800000000000,-87.040599999999998,180.099999999999994,MI,ESCANABA,,"15","-5",19480801-20150621,73.70%,19820110-20150621,55.70%,19980930-20150621,53.60%
USC00202627,45.718100000000000,-87.093900000000005,179.800000000000011,MI,ESCANABA #2,,"15","-5",20140904-20191022,95.60%,20170329-20191022,99.90%,20180710-20191022,99.80%
USC00203188,44.535800000000002,-83.702200000000005,272.500000000000000,MI,GLENNIE 2SE,,"15","-5",20060609-20191031,97.60%,20130218-20191031,98.80%,20160625-20191031,97.90%
USC00203295,43.060800000000000,-86.204700000000003,184.400000000000006,MI,GRAND HAVEN WASTEWATER PLANT,,"15","-5",19480701-20190911,88.70%,19840205-20190911,89.20%,20011123-20190911,90.50%
USC00203516,46.286299999999997,-87.451099999999997,337.100000000000023,MI,GWINN 1W,,"15","-5",19490701-20191007,86.50%,19840818-20191007,77.70%,20020313-20191007,88.30%
USC00203585,43.832200000000000,-82.642700000000005,181.400000000000006,MI,HARBOR BEACH 1 SSE,,"15","-5",20010601-20190930,91.20%,20100731-20190930,98.00%,20150301-20190930,97.10%
USC00204090,45.785800000000002,-88.084100000000007,326.399999999999977,MI,IRON MTN-KINGSFORD WWTP,,"15","-6",19480701-20190930,94.20%,19840214-20190930,95.30%,20011207-20190930,96.70%
USC00204104,46.465600000000002,-90.189200000000000,435.899999999999977,MI,IRONWOOD,,"15","-6",20071203-20190930,90.80%,20131031-20190930,95.90%,20161015-20190930,96.40%
USC00204320,43.199399999999997,-85.771699999999996,256.000000000000000,MI,KENT CITY 2 SW,,"15","-5",19880414-20190831,75.30%,20031222-20190831,66.80%,20111026-20190831,74.00%
USC00204328,46.486300000000000,-88.891599999999997,355.699999999999989,MI,KENTON,,"15","-5",19500701-20191014,73.60%,19850220-20191014,55.30%,20020618-20191014,62.30%
USC00204502,44.308799999999998,-85.204999999999998,374.899999999999977,MI,LAKE CITY EXP FARM,,"15","-5",20060901-20191103,99.50%,20130402-20191103,99.90%,20160718-20191103,99.90%
USC00205073,45.951200000000000,-86.251300000000001,182.900000000000006,MI,MANISTIQUE WWTP,,"15","-5",19921001-20190930,86.20%,20060401-20190930,97.80%,20121230-20190930,99.80%
USW00094850,46.531300000000002,-87.549099999999996,431.300000000000011,MI,MARQUETTE WFO,"72743","15","-5",19790201-20191009,82.90%,19990606-20191009,68.80%,20090807-20191009,91.50%
USC00205567,43.461399999999998,-86.417500000000004,198.099999999999994,MI,MONTAGUE 4 NW,,"15","-5",19780614-20190803,86.70%,19990107-20190803,88.50%,20090420-20190803,90.30%
USC00205816,46.328699999999998,-85.503299999999996,270.100000000000023,MI,NEWBERRY CORRECTIONAL FACILITY,,"15","-5",19510601-20191013,82.10%,19850806-20191013,72.40%,20020909-20191013,62.90%
USC00206215,46.855899999999998,-89.312399999999997,204.500000000000000,MI,ONTONAGON,,"15","-5",19480901-20191009,82.10%,19840321-20191009,75.50%,20011229-20191009,72.60%
USC00207407,43.933100000000003,-86.245300000000000,203.000000000000000,MI,SCOTTVILLE 2SE,,"15","-5",20090801-20190831,83.00%,20140816-20190831,99.80%,20170221-20190831,99.60%
USC00207812,46.055500000000002,-88.627499999999998,442.000000000000000,MI,STAMBAUGH 2SSE,,"15","-6",19921001-20191001,88.00%,20060401-20191001,90.60%,20121230-20191001,99.80%
USC00208246,44.768599999999999,-85.576300000000003,184.099999999999994,MI,TRAVERSE CITY,,"15","-5",19580411-20191103,93.30%,19890121-20191103,95.00%,20040612-20191103,97.30%
USC00208293,46.179600000000001,-85.031099999999995,250.900000000000006,MI,TROUT LAKE 1SW,,"15","-5",19480701-20140531,82.60%,19810615-20140531,76.70%,19971207-20140531,93.10%
USC00208417,45.170200000000001,-84.439700000000002,275.800000000000011,MI,VANDERBILT 11ENE,,"15","-5",19480701-20191103,94.70%,19840302-20191103,94.80%,20020101-20191103,98.30%
USC00208443,43.365600000000001,-83.582800000000006,192.000000000000000,MI,VASSAR,,"15","-5",19770701-20190930,82.30%,19980815-20190930,78.60%,20090308-20190930,96.70%
USC00208680,46.299999999999997,-89.083299999999994,484.899999999999977,MI,WATERSMEET FISH HATCHERY,,"15","-6",20101004-20191007,94.10%,20150406-20191007,97.30%,20170706-20191007,97.70%
USC00209218,42.246899999999997,-83.625600000000006,240.500000000000000,MI,YPSILANTI  E  MICH  U,,"15","-5",19480101-20190930,62.20%,19831115-20190930,84.00%,20011022-20190930,85.30%
USC00212250,46.836799999999997,-92.210800000000006,436.800000000000011,MN,DULUTH NWS,,"15","-6",20120229-20191005,87.30%,20151217-20191005,89.00%,20171110-20191005,87.30%
USC00213296,47.971100000000000,-89.690799999999996,222.500000000000000,MN,GRAND PORTAGE,,"15","-6",19500701-20191021,58.80%,19850224-20191021,52.20%,20020623-20191021,72.60%
USC00213863,46.467500000000001,-92.390299999999996,315.199999999999989,MN,HOLYOKE,,"15","-6",19480923-20191008,84.40%,19840331-20191008,81.80%,20020103-20191008,82.80%
USC00218280,47.568100000000001,-90.849999999999994,207.300000000000011,MN,TOFTE RANGER STATION,,"15","-6",19480801-20191002,87.20%,19840302-20191002,81.40%,20011216-20191002,88.00%
USC00218613,47.256100000000004,-91.701700000000002,510.500000000000000,MN,WALES 2E,,"15","-6",19480801-20191002,77.40%,19840302-20191002,77.70%,20011216-20191002,85.00%
USC00220797,30.437500000000000,-89.027699999999996,5.800000000000000,MS,BILOXI 9 WNW,,"15","-6",19700415-20130901,82.30%,19911223-20130901,80.20%,20021027-20130901,69.40%
USC00226718,30.396100000000001,-88.477999999999994,3.700000000000000,MS,PASCAGOULA 3 NE,,"15","-6",19730412-20160501,71.10%,19941021-20160501,57.70%,20050726-20160501,37.20%
USC00227840,30.626300000000001,-89.054900000000004,69.799999999999997,MS,SAUCIER EXP FOREST,,"15","-6",19540501-20171130,92.70%,19860214-20171130,87.20%,20020107-20171130,78.20%
USC00272174,43.143200000000000,-70.950100000000006,22.899999999999999,NH,DURHAM,,"15","-5",19480501-20191008,82.50%,19840119-20191008,80.60%,20011128-20191008,70.40%
USC00281351,38.953400000000002,-74.936099999999996,6.100000000000000,NJ,CAPE MAY 2 NW,,"15","-5",19480501-20190831,83.90%,19831231-20190831,76.40%,20011030-20190831,71.20%
USC00286964,40.013700000000000,-74.817499999999995,19.199999999999999,NJ,PHILADELPHIA/MT. HOLLY WFO,,"15","-5",20180428-20190703,95.10%,20181129-20190703,93.10%,20190317-20190703,87.20%
USC00301265,42.948000000000000,-76.734200000000001,115.799999999999997,NY,CAYUGA LOCK NO 1,,"15","-5",19791019-20190930,74.70%,19991009-20190930,64.20%,20091004-20190930,82.60%
USC00303033,42.449599999999997,-79.311899999999994,231.599999999999994,NY,FREDONIA,,"15","-5",19770701-20111109,83.30%,19940904-20111109,93.80%,20030407-20111109,94.60%
USC00303184,42.876600000000003,-77.030699999999996,218.800000000000011,NY,GENEVA RESEARCH FARM,,"15","-5",19680501-20190806,89.10%,19931218-20190806,89.20%,20061012-20190806,88.90%
USC00303851,43.575200000000002,-75.520700000000005,537.399999999999977,NY,HIGHMARKET,,"15","-5",19680901-20190831,88.80%,19940302-20190831,92.00%,20061130-20190831,87.70%
USC00304207,42.109999999999999,-79.159099999999995,381.000000000000000,NY,JAMESTOWN 4 ENE,,"15","-5",19600909-20190902,68.80%,19900307-20190902,89.10%,20041203-20190902,88.50%
USC00304912,43.792900000000003,-75.482900000000001,263.000000000000000,NY,LOWVILLE,,"15","-5",19870414-20190901,88.90%,20030623-20190901,82.40%,20110728-20190901,98.70%
USC00305597,42.731299999999997,-77.905400000000000,268.199999999999989,NY,MOUNT MORRIS 2 W,,"15","-5",19500609-20190701,90.60%,19841219-20190701,91.50%,20020326-20190701,90.50%
USC00306314,43.449900000000000,-76.536900000000003,98.799999999999997,NY,OSWEGO,,"15","-5",19480501-20190531,90.40%,19831115-20190531,89.20%,20010822-20190531,90.20%
USC00306747,42.371699999999997,-79.486599999999996,246.300000000000011,NY,PORTLAND1 SW,,"15","-5",20111112-20190831,98.50%,20151006-20190831,98.10%,20170917-20190831,96.50%
USC00308290,43.838900000000002,-76.267499999999998,76.200000000000003,NY,STONY POINT 2E,,"15","-5",19780701-20100801,84.90%,19940716-20100801,86.20%,20020724-20100801,85.30%
USC00308839,43.004399999999997,-77.447299999999998,179.199999999999989,NY,VICTOR 2NW,,"15","-5",19480501-20190902,37.60%,19840101-20190902,70.90%,20011101-20190902,52.70%
USC00308910,42.739199999999997,-78.587800000000001,345.899999999999977,NY,WALES,,"15","-5",19480701-20181115,90.90%,19830908-20181115,92.50%,20010412-20181115,95.20%
USC00309000,43.976100000000002,-75.875299999999996,151.500000000000000,NY,WATERTOWN,,"15","-5",19480501-20190905,91.70%,19840102-20190905,87.40%,20011103-20190905,83.90%
USC00312719,36.309600000000003,-76.204999999999998,2.400000000000000,NC,ELIZABETH CITY,,"15","-5",19541119-20191008,75.20%,19870429-20191008,57.70%,20030719-20191008,45.10%
USC00313638,35.640000000000001,-77.398399999999995,9.800000000000001,NC,GREENVILLE,,"15","-5",19551011-20191017,79.30%,19871014-20191017,78.40%,20031015-20191017,92.40%
USW00013766,35.917299999999997,-75.700000000000003,4.000000000000000,NC,MANTEO AIRPORT,,"15","-5",19820401-20191012,61.20%,20010105-20191012,85.10%,20100525-20191012,97.00%
USC00315830,34.733600000000003,-76.735699999999994,3.000000000000000,NC,MOREHEAD CITY 2 WNW,,"15","-5",19480601-20191016,85.40%,19840207-20191016,77.20%,20011211-20191016,92.90%
USC00316096,34.776299999999999,-76.876999999999995,9.100000000000000,NC,NEWPORT/MOREHEAD CITY WFO,,"15","-5",20090801-20191027,97.50%,20140913-20191027,98.40%,20170405-20191027,98.70%
USC00316349,35.107500000000002,-75.987200000000001,1.200000000000000,NC,OCRACOKE,,"15","-5",20040201-20160831,52.70%,20100517-20160831,86.80%,20130709-20160831,75.60%
USC00317319,36.478299999999997,-77.671700000000001,64.000000000000000,NC,ROANOKE RAPIDS,,"15","-5",19710901-20191003,72.60%,19950917-20191003,66.60%,20070925-20191003,60.40%
USC00319354,34.257199999999997,-78.687200000000004,15.199999999999999,NC,WHITEVILLE 5 S,,"15","-5",19930701-20110711,70.70%,20020706-20110711,78.30%,20070107-20110711,89.30%
USC00330059,41.157299999999999,-81.566400000000002,228.599999999999994,OH,AKRON WPCS,,"15","-5",19570301-20190903,90.10%,19880601-20190903,89.40%,20040117-20190903,88.30%
USC00330862,41.383099999999999,-83.611099999999993,205.699999999999989,OH,BOWLING GREEN WWTP,,"15","-5",19830601-20190831,79.70%,20010716-20190831,78.40%,20100808-20190831,78.40%
USC00331541,41.051699999999997,-81.936099999999996,359.699999999999989,OH,CHIPPEWA LAKE,,"15","-5",19510601-20150430,89.90%,19830516-20150430,81.40%,19990508-20150430,74.10%
USC00331818,41.983300000000000,-80.566699999999997,195.099999999999994,OH,CONNEAUT,,"15","-5",19480801-20190908,73.40%,19840219-20190908,61.90%,20011128-20190908,52.20%
USC00332791,41.046100000000003,-83.662199999999999,234.099999999999994,OH,FINDLAY WPCC,,"15","-5",19480801-20190902,91.40%,19840216-20190902,92.30%,20011124-20190902,87.10%
USC00332974,41.333100000000002,-83.118899999999996,182.900000000000006,OH,FREMONT,,"15","-5",19480801-20190918,82.40%,19840224-20190918,68.30%,20011206-20190918,68.70%
USC00336123,41.250000000000000,-82.616699999999994,220.099999999999994,OH,NORWALK HIWAY DEPT,,"15","-5",19480801-20190911,66.70%,19840220-20190911,77.90%,20011130-20190911,70.00%
USC00336196,41.280200000000001,-82.218699999999998,248.699999999999989,OH,OBERLIN,,"15","-5",19480801-20190918,90.80%,19840224-20190918,85.10%,20011206-20190918,79.00%
USC00336949,41.133299999999998,-81.283299999999997,337.399999999999977,OH,RAVENNA 2 S,,"15","-5",19480801-20190904,84.10%,19840217-20190904,83.20%,20011125-20190904,86.50%
USC00338313,41.116700000000002,-83.166700000000006,225.599999999999994,OH,TIFFIN,,"15","-5",19860101-20190901,57.60%,20021101-20190901,38.20%,20110402-20190901,76.30%
USC00350126,43.429099999999998,-124.030500000000004,15.199999999999999,OR,ALLEGANY,,"15","-8",19480701-20121125,91.50%,19800912-20121125,84.90%,19961019-20121125,75.80%
USC00350471,43.149700000000003,-124.401899999999998,6.100000000000000,OR,BANDON 2 NNE,,"15","-8",19481001-20190908,88.80%,19840320-20190908,81.50%,20011213-20190908,82.50%
USC00351058,42.046300000000002,-124.287700000000001,25.000000000000000,OR,BROOKINGS,,"15","-8",20020601-20190930,81.30%,20110130-20190930,75.00%,20150531-20190930,85.70%
USC00352972,44.000000000000000,-124.116699999999994,14.900000000000000,OR,FLORENCE 3 NNW,,"15","-8",19480801-20190930,89.50%,19840301-20190930,88.90%,20011215-20190930,91.00%
USC00355969,45.714900000000000,-123.886899999999997,6.700000000000000,OR,NEHALEM,,"15","-8",19480701-20190930,91.90%,19840214-20190930,87.70%,20011207-20190930,87.50%
USC00358500,45.431899999999999,-123.722700000000003,29.000000000000000,OR,TILLAMOOK 7 E,,"15","-8",20160825-20191002,94.60%,20180314-20191002,96.50%,20181222-20191002,97.90%
USC00359581,44.633299999999998,-124.049999999999997,13.699999999999999,OR,YAQUINA BAY LIGHTBOAT STN,,"15","-8",19660520-20191006,91.90%,19930126-20191006,93.40%,20060601-20191006,99.10%
USC00364325,41.499200000000002,-80.468100000000007,317.000000000000000,PA,JAMESTOWN 2 NW,,"15","-5",19480501-20190905,82.30%,19840102-20190905,75.20%,20011103-20190905,72.70%
USC00364763,40.049900000000001,-76.274199999999993,82.299999999999997,PA,LANCASTER 2 NE FILT PLANT,,"15","-5",19480501-20180801,78.50%,19830616-20180801,69.00%,20010107-20180801,66.20%
USC00368361,41.816200000000002,-80.424899999999994,306.300000000000011,PA,SPRINGBORO 3 WNW,,"15","-5",19961001-20190831,78.40%,20080316-20190831,80.00%,20131207-20190831,98.00%
USC00369042,41.900399999999998,-79.861000000000004,426.699999999999989,PA,UNION CITY FILTRATION PLANT,,"15","-5",19500308-20190902,81.30%,19841204-20190902,71.90%,20020419-20190902,56.40%
USC00383470,33.316899999999997,-79.322699999999998,9.100000000000000,SC,GEORGETOWN COUNTY AIRPORT,,"15","-5",20070508-20190731,90.90%,20130618-20190731,97.00%,20160709-20190731,97.80%
USC00385946,33.242500000000000,-79.986900000000006,14.900000000000000,SC,MONCKS CORNER 4 N,,"15","-5",19480601-20181126,78.80%,19830829-20181126,61.60%,20010412-20181126,50.70%
USC00386114,34.194400000000002,-79.247200000000007,33.500000000000000,SC,MULLINS,,"15","-5",19660501-20190814,79.30%,19921221-20190814,64.30%,20060418-20190814,83.30%
USC00387712,33.448700000000002,-80.162300000000002,22.899999999999999,SC,SANTEE COOPER SPILLWAY,,"15","-5",19480601-20181126,83.60%,19830829-20181126,71.50%,20010412-20181126,53.50%
USC00410569,28.979800000000001,-95.974900000000005,15.800000000000001,TX,BAY CITY WATERWORKS,,"15","-6",19400601-20190902,59.00%,19800116-20190902,68.70%,19991109-20190902,53.60%
USC00412206,30.021000000000001,-95.706900000000005,45.700000000000003,TX,CYPRESS,,"15","-6",19910101-20181204,87.00%,20041217-20181204,80.60%,20111211-20181204,89.90%
USC00417140,28.657499999999999,-96.555300000000003,6.100000000000000,TX,POINT COMFORT,,"15","-6",19571101-20191006,91.30%,19881018-20191006,86.30%,20040412-20191006,82.10%
USC00418081,27.216899999999999,-97.695499999999996,11.600000000000000,TX,SARITA 7 E,,"15","-6",19410901-20180708,86.00%,19800203-20180708,76.40%,19990421-20180708,64.70%
USC00419588,26.178000000000001,-97.970799999999997,22.899999999999999,TX,WESLACO,,"15","-6",19471001-20180630,80.10%,19830214-20180630,74.70%,20001022-20180630,64.90%
USC00446475,37.584400000000002,-75.821700000000007,9.100000000000000,VA,PAINTER 2 W,,"15","-5",19590201-20190430,73.00%,19890316-20190430,60.20%,20040407-20190430,68.60%
USC00448800,36.983899999999998,-77.007800000000003,34.399999999999999,VA,WAKEFIELD 1NW,,"15","-5",19850601-20191016,75.90%,20020808-20191016,77.50%,20110313-20191016,61.50%
USC00449151,37.301699999999997,-76.703900000000004,21.300000000000001,VA,WILLIAMSBURG 2 N,,"15","-5",19480801-20150930,87.50%,19820301-20150930,88.30%,19981215-20150930,93.70%
USC00450729,48.977499999999999,-122.792699999999996,18.300000000000001,WA,BLAINE,,"15","-8",19480701-20190930,81.50%,19840214-20190930,66.40%,20011207-20190930,44.20%
USC00450986,48.549999999999997,-122.333299999999994,14.900000000000000,WA,BURLINGTON 5 N,,"15","-8",19480701-20190905,89.50%,19840202-20190905,86.60%,20011118-20190905,81.80%
USC00451496,47.571100000000001,-124.292199999999994,24.399999999999999,WA,CLEARWATER,,"15","-8",19480701-20180314,78.50%,19830508-20180314,68.10%,20001009-20180314,49.90%
USC00452675,47.975200000000001,-122.194999999999993,18.300000000000001,WA,EVERETT,,"15","-8",19480701-20190930,86.10%,19840214-20190930,78.10%,20011207-20190930,73.30%
USC00453333,46.387200000000000,-123.560199999999995,30.500000000000000,WA,GRAYS RIVER HATCHERY,,"15","-8",19921101-20190312,46.40%,20060105-20190312,29.20%,20120808-20190312,19.40%
USC00455549,47.016700000000000,-123.650000000000006,11.900000000000000,WA,MONTESANO 3 NW,,"15","-8",19540801-20190930,72.20%,19870301-20190930,52.40%,20030615-20190930,37.30%
USC00455876,48.897500000000001,-122.143600000000006,125.000000000000000,WA,NOOKSACK - KENDALL CREEK HATCHERY,,"15","-8",19640116-20190915,72.60%,19911115-20190915,51.20%,20051015-20190915,37.00%
USC00456851,47.784700000000001,-122.979699999999994,313.300000000000011,WA,QUILCENE 5 SW DAM,,"15","-8",19480901-20171010,83.20%,19830322-20171010,72.60%,20000630-20171010,61.40%
USC00456864,47.500000000000000,-123.816699999999997,61.000000000000000,WA,QUINAULT RIVER RANGER STN,,"15","-8",19770126-20190902,76.60%,19980515-20190902,73.20%,20090107-20190902,72.90%
USC00470349,46.582999999999998,-90.967799999999997,198.099999999999994,WI,ASHLAND EXP FARM,,"15","-6",19480801-20191003,92.80%,19840302-20191003,90.80%,20011217-20191003,89.70%
USC00471568,44.032800000000002,-88.146799999999999,256.000000000000000,WI,CHILTON,,"15","-6",19480801-20190903,93.60%,19840216-20190903,89.90%,20011124-20190903,92.80%
USC00471676,44.622700000000002,-88.748300000000000,244.400000000000006,WI,CLINTONVILLE,,"15","-6",19480801-20191002,92.20%,19840302-20191002,87.60%,20011216-20191002,92.50%
USC00471897,45.358100000000000,-88.192200000000000,289.600000000000023,WI,CRIVITZ HIGH FALLS,,"15","-6",19480801-20191001,85.80%,19840301-20191001,81.30%,20011215-20191001,91.30%
USC00473453,43.331099999999999,-88.411299999999997,298.699999999999989,WI,HARTFORD 2 W,,"15","-6",19480822-20161026,90.80%,19820924-20161026,86.80%,19991010-20161026,88.90%
USC00475352,46.168300000000002,-90.072199999999995,487.699999999999989,WI,MERCER RANGER STA,,"15","-6",19480801-20191001,86.40%,19840301-20191001,86.60%,20011215-20191001,84.20%
USC00476510,45.028199999999998,-87.735900000000001,182.900000000000006,WI,PESHTIGO,,"15","-6",19480801-20191001,89.30%,19840301-20191001,89.30%,20011215-20191001,89.10%
USC00476518,46.066299999999998,-89.075199999999995,542.500000000000000,WI,PHELPS,,"15","-6",19480801-20191001,87.70%,19840301-20191001,81.70%,20011215-20191001,96.00%
USC00476939,45.834099999999999,-89.547200000000004,487.699999999999989,WI,RAINBOW RSVR-LK TOMAHAWK,,"15","-6",19480801-20190930,95.40%,19840301-20190930,91.90%,20011215-20190930,94.50%
USC00478267,44.879899999999999,-87.335800000000006,213.099999999999994,WI,STURGEON BAY EXP FARM,,"15","-6",19480801-20190930,93.20%,19840301-20190930,90.00%,20011215-20190930,92.80%
USC00479176,45.145200000000003,-88.741600000000005,392.899999999999977,WI,WHITE LAKE 1 SE,,"15","-6",19580201-20191001,92.30%,19881201-20191001,90.90%,20040501-20191001,93.10%
USC00502607,64.785600000000002,-141.203599999999994,259.100000000000023,AK,EAGLE,,"15","-9",19760101-20170503,45.30%,19960901-20170503,80.50%,20070101-20170503,78.80%
USC00504567,61.679699999999997,-144.763299999999987,378.000000000000000,AK,KENNY LAKE 7SE,,"15","-9",20030217-20120331,9.80%,20070909-20120331,9.00%,20091219-20120331,17.90%
USC00505757,61.417999999999999,-142.996100000000013,381.000000000000000,AK,MCCARTHY 3 SW,,"15","-9",19970103-20140704,43.90%,20051003-20140704,42.40%,20100217-20140704,60.50%
USC00509385,61.651000000000003,-145.170199999999994,481.300000000000011,AK,TONSINA,,"15","-9",19760615-20141203,28.30%,19950909-20141203,48.30%,20050421-20141203,52.80%
USC00510055,21.431899999999999,-157.837199999999996,74.099999999999994,HI,AHUIMANU LOOP 839.12,,"15","-10",19680901-20190917,91.30%,19940310-20190917,90.20%,20061213-20190917,95.30%
USC00510300,21.432500000000001,-158.055900000000008,229.199999999999989,HI,CAMP 84 807,,"15","-10",19650517-20190902,89.20%,19920709-20190902,82.80%,20060204-20190902,90.70%
USC00510404,21.336800000000000,-157.834399999999988,121.900000000000006,HI,DOWSETT  775.4,,"15","-10",19831003-20190917,90.20%,20010924-20190917,94.90%,20100920-20190917,95.00%
USC00510485,21.935600000000001,-159.538900000000012,231.599999999999994,HI,ELIMA RESV 985.2,,"15","-10",19950412-20160704,69.80%,20051122-20160704,75.00%,20110314-20160704,65.30%
USC00510530,20.967099999999999,-156.637400000000014,352.699999999999989,HI,FIELD 28 RESERVOIR   474.2,,"15","-10",20060105-20191002,85.00%,20121118-20191002,81.40%,20160425-20191002,69.60%
USC00510964,21.380800000000001,-157.903899999999993,51.799999999999997,HI,HALAWA SHAFT 771.2,,"15","-10",19650423-20190903,94.70%,19920628-20190903,95.30%,20060130-20190903,94.90%
USC00511140,22.030300000000000,-159.415799999999990,176.800000000000011,HI,HANAHANAPUNI 1055.2,,"15","-10",19770727-20190930,82.20%,19980828-20190930,73.70%,20090314-20190930,70.90%
USC00511303,19.429700000000000,-155.256200000000007,1210.400000000000091,HI,HAWAII VOL. NP HQ.  54,,"15","-10",19650301-20190930,93.70%,19920615-20190930,92.30%,20060206-20190930,94.60%
USC00511308,21.298999999999999,-157.664400000000001,8.500000000000000,HI,HAWAII KAI G.C. 724.19,,"15","-10",19770901-20190904,80.40%,19980902-20190904,82.60%,20090304-20190904,93.60%
USC00511339,20.240200000000002,-155.838799999999992,176.800000000000011,HI,HAWI 168,,"15","-10",19650301-20190709,88.90%,19920504-20190709,86.00%,20051205-20190709,87.90%
USC00511385,19.119199999999999,-155.785899999999998,883.899999999999977,HI,HAW'N OCN VIEW EST 3.9,,"15","-10",19800803-20190930,93.30%,20000302-20190930,93.10%,20091215-20190930,88.70%
USC00511540,21.390499999999999,-158.099899999999991,680.299999999999955,HI,HOKULOA 725.2,,"15","-10",19650524-20190829,88.40%,19920711-20190829,84.80%,20060203-20190829,91.40%
USC00511921,20.794000000000000,-156.041300000000007,103.900000000000006,HI,HONOMAELE   355.2,,"15","-10",20060103-20171227,65.70%,20111231-20171227,60.40%,20141229-20171227,57.70%
USC00512156,19.753200000000000,-155.971499999999992,597.399999999999977,HI,HUEHUE 92.1,,"15","-10",19860311-20190930,89.10%,20021220-20190930,88.20%,20110511-20190930,87.50%
USC00512453,20.987300000000001,-156.545999999999992,195.099999999999994,HI,KAHAKULOA MAUKA 482.3,,"15","-10",19671221-20190506,87.50%,19930828-20190506,87.50%,20060702-20190506,89.70%
USC00512570,21.695000000000000,-157.981099999999998,4.000000000000000,HI,KAHUKU 912,,"15","-10",19650507-20190902,82.80%,19920704-20190902,84.20%,20060201-20190902,87.80%
USC00512595,19.858300000000000,-155.160799999999995,423.699999999999989,HI,KAHUNA FALLS    138.2,,"15","-10",19931004-20190930,89.30%,20061002-20190930,86.70%,20130401-20190930,90.50%
USC00512600,20.124800000000000,-155.788700000000006,987.600000000000023,HI,KAHUA RANCH HQTRS 176.3,,"15","-10",19770124-20191003,91.60%,19980530-20191003,88.50%,20090130-20191003,88.80%
USC00512683,21.395800000000001,-157.739900000000006,0.900000000000000,HI,KAILUA FIRE STA 791.3,,"15","-10",19650507-20190913,79.10%,19920710-20190913,71.80%,20060210-20190913,77.50%
USC00513072,20.039500000000000,-155.608499999999992,877.799999999999955,HI,KAMUELA 1  201.2,,"15","-10",19810601-20191003,93.90%,20000801-20191003,92.60%,20100303-20191003,93.60%
USC00513099,22.129700000000000,-159.658600000000007,1097.299999999999955,HI,KANALOHULUHULU 1075,,"15","-10",19650319-20191021,87.60%,19920704-20191021,85.20%,20060226-20191021,79.30%
USC00513159,22.099699999999999,-159.346699999999998,93.599999999999994,HI,KAPAA STABLES 1104,,"15","-10",19660131-20190923,88.60%,19921126-20190923,84.70%,20060425-20190923,81.20%
USC00513510,19.680099999999999,-155.143200000000007,359.699999999999989,HI,KAUMANA 88.1,,"15","-10",19650301-20190930,69.80%,19920615-20190930,84.60%,20060206-20190930,75.60%
USC00513547,21.094600000000000,-157.017400000000009,29.600000000000001,HI,KAUNAKAKAI MAU 536.5,,"15","-10",19650405-20191003,77.20%,19920704-20191003,67.10%,20060217-20191003,64.20%
USC00513562,20.881699999999999,-156.284400000000005,413.899999999999977,HI,KAUPAKULUA 435.3,,"15","-10",19890101-20190930,95.90%,20040516-20190930,93.70%,20120122-20190930,95.00%
USC00513576,20.648199999999999,-156.135999999999996,303.300000000000011,HI,KAUPO RANCH 259,,"15","-10",19650301-20191010,88.10%,19920620-20191010,82.70%,20060213-20191010,82.40%
USC00513925,19.235399999999998,-155.481099999999998,518.200000000000045,HI,KEAIWA CAMP 22.1,,"15","-10",19650301-20190906,94.20%,19920603-20190906,90.60%,20060119-20190906,89.90%
USC00513987,19.510600000000000,-155.921699999999987,432.800000000000011,HI,KEALAKEKUA 4  74.8,,"15","-10",19861105-20190930,90.30%,20030418-20190930,89.60%,20110709-20190930,87.10%
USC00514098,19.918500000000002,-155.339900000000000,1609.299999999999955,HI,KEANAKOLU CAMP 124.2,,"15","-10",19650301-20190918,93.00%,19920609-20190918,93.30%,20060128-20190918,96.80%
USC00514272,22.002500000000001,-159.754700000000014,3.000000000000000,HI,KEKAHA 944,,"15","-10",19650316-20190924,84.20%,19920619-20190924,71.60%,20060205-20190924,62.80%
USC00514400,21.180399999999999,-157.231699999999989,94.200000000000003,HI,KEPUHI-SHERATON 550.2,,"15","-10",19900101-20190930,82.60%,20041115-20190930,86.80%,20120423-20190930,87.60%
USC00514459,19.971399999999999,-155.235899999999987,278.600000000000023,HI,KIHALANI  132.5,,"15","-10",20011001-20191003,90.70%,20101002-20191003,86.60%,20150403-20191003,86.60%
USC00514561,22.213899999999999,-159.404400000000010,118.900000000000006,HI,KILAUEA 1134,,"15","-10",19660203-20180507,87.50%,19920321-20180507,78.70%,20050413-20180507,73.20%
USC00514778,21.153900000000000,-157.036100000000005,267.300000000000011,HI,KUALAPUU 534,,"15","-10",19650405-20191007,87.00%,19920706-20191007,79.00%,20060220-20191007,88.40%
USC00515000,20.758400000000002,-156.321200000000005,944.899999999999977,HI,KULA BRANCH STN 324.5,"91198","15","-10",19790501-20110726,96.40%,19950613-20110726,95.90%,20030704-20110726,95.20%
USC00515102,19.591400000000000,-155.063799999999986,223.099999999999994,HI,KURTISTOWN   91.14,,"15","-10",19990801-20190930,79.80%,20090830-20190930,95.10%,20140914-20190930,92.80%
USC00515260,20.013000000000002,-155.668599999999998,797.100000000000023,HI,LALAMILO FLD OF 191.1,,"15","-10",19650301-20190930,92.10%,19920615-20190930,91.60%,20060206-20190930,87.30%
USC00515286,20.829100000000000,-156.920199999999994,493.800000000000011,HI,LANAI CITY 672,,"15","-10",19761101-20190929,85.80%,19980416-20190929,79.60%,20090106-20190929,70.50%
USC00515560,22.024200000000000,-159.386699999999990,115.799999999999997,HI,LIHUE VRTY STA 1062.1,,"15","-10",19650317-20190930,86.50%,19920623-20190930,82.00%,20060210-20190930,80.50%
USC00515655,21.387499999999999,-157.809400000000011,81.700000000000003,HI,LULUKU 781.7,,"15","-10",19670522-20191007,90.80%,19930729-20191007,91.10%,20060902-20191007,91.90%
USC00515758,21.478400000000001,-158.196400000000011,76.200000000000003,HI,MAKAHA COUNTRY CLUB 800.3,,"15","-10",19871201-20190902,91.40%,20031017-20190902,92.20%,20110924-20190902,88.30%
USC00515842,20.641900000000000,-156.439999999999998,26.800000000000001,HI,MAKENA GOLF COURSE 249.1,,"15","-10",19820701-20191002,87.30%,20010214-20191002,81.50%,20100609-20191002,74.50%
USC00516222,21.350800000000000,-157.766699999999986,127.700000000000003,HI,MAUNAWILI 787.1,,"15","-10",19650427-20190818,92.40%,19920622-20190818,87.20%,20060119-20190818,94.20%
USC00516553,21.507200000000001,-158.141600000000011,1224.099999999999909,HI,MOUNT KAALA 844,,"15","-10",19650525-20190905,86.40%,19920715-20190905,80.90%,20060208-20190905,85.70%
USC00517150,21.573799999999999,-158.037900000000008,288.000000000000000,HI,OPAEULA 870,,"15","-10",19650419-20181003,88.50%,19920110-20181003,85.40%,20050522-20181003,89.30%
USC00517194,20.813700000000001,-156.118599999999986,382.500000000000000,HI,PAAKEA 350,,"15","-10",19650301-20191003,88.00%,19920616-20191003,80.20%,20060208-20191003,68.30%
USC00517209,20.069900000000001,-155.444400000000002,341.399999999999977,HI,PAAUHAU MAUKA    217.2,,"15","-10",19941101-20191003,92.00%,20070418-20191003,89.90%,20130710-20191003,90.30%
USC00517465,19.490400000000001,-154.943199999999990,208.199999999999989,HI,PAHOA SCHOOL SITE  64,,"15","-10",19790101-20190930,89.90%,19990517-20190930,86.10%,20090723-20190930,86.50%
USC00517942,21.393100000000000,-157.935200000000009,76.200000000000003,HI,PEARL COUNTRY CLUB 760.2,,"15","-10",19770901-20191007,86.70%,19980919-20191007,87.90%,20090329-20191007,92.30%
USC00518063,19.749500000000001,-155.526800000000009,1984.599999999999909,HI,POHAKULOA 107,,"15","-10",19650301-20190930,90.10%,19920615-20190930,89.90%,20060206-20190930,87.00%
USC00518155,22.196100000000001,-159.556099999999986,30.800000000000001,HI,PH WAINIHA 1115,,"15","-10",19660204-20091001,88.30%,19871203-20091001,81.10%,19981101-20091001,74.00%
USC00518165,22.218100000000000,-159.482799999999997,66.099999999999994,HI,PRINCEVILLE RANCH 1117,,"15","-10",19650318-20191002,90.00%,19920624-20191002,83.70%,20060211-20191002,79.70%
USC00518314,21.584399999999999,-157.891400000000004,4.000000000000000,HI,PUNALUU PUMP 905.2,,"15","-10",19720601-20190902,94.00%,19960116-20190902,92.90%,20071109-20190902,93.10%
USC00518342,21.642800000000001,-158.037200000000013,228.599999999999994,HI,PUPUKEA HEIGHTS 896.4,,"15","-10",19680901-20190902,89.80%,19940303-20190902,91.70%,20061202-20190902,91.20%
USC00518407,20.928500000000000,-156.673499999999990,128.300000000000011,HI,PUUKOLII 457.1,,"15","-10",20020603-20190922,86.90%,20110127-20190922,82.60%,20150526-20190922,87.60%
USC00518549,21.144700000000000,-156.732900000000001,205.400000000000006,HI,PUU-O-HOKU RANCH 542.1,,"15","-10",19650407-20190709,78.10%,19920523-20190709,82.30%,20051215-20190709,87.00%
USC00518555,19.778300000000002,-155.843199999999996,768.100000000000023,HI,PUU WAAWAA 94.1,,"15","-10",19650301-20190930,91.40%,19920615-20190930,88.80%,20060206-20190930,87.20%
USC00518738,21.328299999999999,-157.826600000000013,369.399999999999977,HI,TANTALUS 2 780.5,,"15","-10",20160312-20170403,89.90%,20160921-20170403,82.60%,20161227-20170403,67.30%
USC00518760,20.648700000000002,-156.398200000000003,579.100000000000023,HI,ULUPALAKUA RANCH 250,,"15","-10",19650301-20190930,93.50%,19920615-20190930,92.00%,20060206-20190930,94.10%
USC00518838,21.499199999999998,-158.011099999999999,306.600000000000023,HI,UPPER WAHIAWA   874.3,,"15","-10",20150111-20190716,78.50%,20170413-20190716,69.20%,20180530-20190716,54.50%
USC00518941,21.896699999999999,-159.556900000000013,65.500000000000000,HI,WAHIAWA 930,,"15","-10",19650301-20170407,87.50%,19910320-20170407,78.60%,20040328-20170407,71.20%
USC00518945,21.496700000000001,-158.049700000000001,260.300000000000011,HI,WAHIAWA DAM 863,,"15","-10",19650419-20190822,94.40%,19920620-20190822,92.70%,20060120-20190822,93.50%
USC00518964,21.470500000000001,-157.883600000000001,227.099999999999994,HI,WAIAHOLE 837,,"15","-10",19650517-20191003,87.90%,19920725-20191003,82.00%,20060227-20191003,81.70%
USC00518966,22.021899999999999,-159.464400000000012,237.699999999999989,HI,WAIAHI UPR 1052,,"15","-10",19870602-20190930,79.40%,20030801-20190930,72.80%,20110831-20190930,59.70%
USC00519195,21.574700000000000,-158.120399999999989,3.000000000000000,HI,WAIALUA 847,,"15","-10",19650301-20190824,88.20%,19920527-20190824,81.30%,20060109-20190824,77.00%
USC00519335,20.808900000000001,-156.229899999999986,1316.700000000000045,HI,WAIKAMOI DAM 336,,"15","-10",19650302-20191003,80.00%,19920617-20191003,72.70%,20060208-20191003,58.50%
USC00519376,20.853600000000000,-156.508800000000008,147.199999999999989,HI,WAIKAPU 390,,"15","-10",19790701-20190930,87.80%,19990815-20190930,82.20%,20090906-20190930,82.50%
USC00519500,21.291799999999999,-157.753399999999999,61.000000000000000,HI,WAILUPE VLY SCH 723.6,,"15","-10",19660427-20190904,90.20%,19921230-20190904,85.30%,20060503-20190904,91.70%
USC00519534,21.335599999999999,-157.711700000000008,18.899999999999999,HI,WAIMANALO NONOKIO 795.2,,"15","-10",19721101-20151020,82.50%,19940426-20151020,78.10%,20050121-20151020,75.10%
USC00519593,21.626200000000001,-158.067499999999995,93.599999999999994,HI,WAIMEA 892,,"15","-10",19650301-20190902,91.60%,19920601-20190902,93.10%,20060116-20190902,96.10%
RQC00660061,18.174700000000001,-66.797700000000006,557.799999999999955,PR,ADJUNTAS SUBSTATION,,"15","-4",19710701-20190930,82.30%,19950815-20190930,72.20%,20070907-20190930,56.90%
USC00660984,18.242200000000000,-66.358000000000004,563.899999999999977,PR,BOTIJAS 1 - OROCOVIS,,"15","-4",19730629-20191002,87.80%,19960815-20191002,84.50%,20080309-20191002,81.50%
USC00660988,18.192499999999999,-66.350200000000001,685.799999999999955,PR,BOTIJAS 2 - OROCOVIS,,"15","-4",19730619-20191017,87.10%,19960817-20191017,80.90%,20080317-20191017,70.10%
RQC00661901,18.118800000000000,-66.165800000000004,395.000000000000000,PR,CAYEY 1 E,,"15","-4",19710701-20191002,84.00%,19950816-20191002,75.10%,20070908-20191002,58.30%
RQC00662336,18.154699999999998,-66.561899999999994,1219.799999999999955,PR,CERRO MARAVILLA,,"15","-4",19710701-20130508,73.40%,19920603-20130508,64.70%,20021120-20130508,51.20%
RQC00662934,18.326599999999999,-66.359099999999998,198.099999999999994,PR,COROZAL SUBSTATION,,"15","-4",19710701-20130410,92.70%,19920520-20130410,93.10%,20021030-20130410,90.90%
USC00663113,18.270499999999998,-65.867999999999995,600.500000000000000,PR,CUBUY,,"15","-4",19730514-20191008,87.70%,19960726-20191008,86.70%,20080302-20191008,89.60%
RQC00663431,18.336099999999998,-66.666600000000003,61.000000000000000,PR,DOS BOCAS,,"15","-4",19710701-20191007,82.70%,19950819-20191007,70.90%,20070912-20191007,50.50%
RQC00663657,18.309600000000000,-65.662499999999994,9.100000000000000,PR,FAJARDO,,"15","-4",19710701-20180711,83.40%,19950104-20180711,71.30%,20061007-20180711,51.40%
RQC00664276,18.258299999999998,-65.992199999999997,48.799999999999997,PR,GURABO SUBSTATION,,"15","-4",19710701-20190930,87.30%,19950815-20190930,78.80%,20070907-20190930,72.00%
RQC00665097,18.033000000000001,-67.072199999999995,27.399999999999999,PR,LAJAS SUBSTATION,,"15","-4",20070201-20190930,46.50%,20130601-20190930,50.30%,20160731-20190930,71.20%
USC00665258,18.196300000000001,-65.864999999999995,82.299999999999997,PR,LAS PIEDRAS 1 N,,"15","-4",19730608-20190930,90.00%,19960803-20190930,83.50%,20080302-20190930,76.30%
RQC00665908,18.151100000000000,-66.988799999999998,863.200000000000045,PR,MARICAO 2 SSW,,"15","-4",19710701-20190928,82.20%,19950814-20190928,69.50%,20070905-20190928,51.90%
RQC00666514,18.288599999999999,-66.343299999999999,538.299999999999955,PR,NEGRO - COROZAL,,"15","-4",19730619-20190702,90.20%,19960625-20190702,86.90%,20071228-20190702,81.90%
RQC00666805,18.265000000000001,-65.720799999999997,109.700000000000003,PR,PARAISO,,"15","-4",20011001-20190930,58.80%,20100930-20190930,50.10%,20150331-20190930,78.40%
USC00666942,18.219999999999999,-65.825800000000001,100.599999999999994,PR,PENA POBRE-NAGUABO,,"15","-4",19730523-20190930,76.20%,19960726-20190930,65.40%,20080227-20190930,43.80%
RQC00666992,18.270800000000001,-65.759200000000007,1051.000000000000000,PR,PICO DEL ESTE,,"15","-4",19730514-20060531,73.30%,19891121-20060531,67.60%,19980224-20060531,64.30%
RQC00667292,18.025800000000000,-66.525199999999998,21.300000000000001,PR,PONCE 4 E,,"15","-4",19710701-20191024,89.20%,19950827-20191024,82.60%,20070925-20191024,71.60%
RQW00011641,18.432500000000001,-66.010800000000003,2.700000000000000,PR,SAN JUAN L M MARIN INTL AP,"78526","15","-4",19670101-20131231,99.50%,19900702-20131231,99.10%,20020401-20131231,98.20%
RQC00668814,18.431200000000000,-65.991699999999994,3.000000000000000,PR,WFO SAN JUAN,,"15","-4",20060913-20191009,54.30%,20130327-20191009,30.10%,20160702-20191009,48.50%
RQC00668815,18.151700000000002,-65.958900000000000,155.400000000000006,PR,SAN LORENZO 3S,,"15","-4",20060306-20060406,62.50%,20060321-20060406,88.20%,20060329-20060406,88.90%
USC00668816,18.184999999999999,-65.929400000000001,140.199999999999989,PR,SAN LORENZO 2 ESE,,"15","-4",19730523-20190930,86.40%,19960726-20190930,76.90%,20080227-20190930,63.60%
RQC00668881,18.348299999999998,-67.007700000000000,59.100000000000001,PR,SAN SEBASTIAN 2 WNW,,"15","-4",19710701-20191002,81.80%,19950816-20191002,72.80%,20070908-20191002,54.80%
RQC00669829,18.062799999999999,-65.873300000000000,9.100000000000000,PR,YABUCOA 1 NNE,,"15","-4",19710701-20091204,92.40%,19900917-20091204,88.10%,20000426-20091204,85.50%
VQC00670480,17.718399999999999,-64.795000000000002,34.700000000000003,VI,BETH UPPER NEW WORKS,,"15","-4",19781201-20170806,71.90%,19980404-20170806,53.10%,20071205-20170806,43.90%
USC00678360,18.339400000000001,-64.775800000000004,189.300000000000011,VI,SUSANABERG,,"15","-4",20061008-20101110,53.70%,20081024-20101110,46.40%,20091101-20101110,8.30%
CQC00914080,15.213600000000000,145.749699999999990,252.099999999999994,MP,CAPITOL HILL 1,,"15","10",19861001-20191002,62.60%,20030402-20191002,51.60%,20110702-20191002,63.90%
USC00914200,13.361900000000000,144.706099999999992,18.300000000000001,GU,FENA LAKE,,"15","10",19800101-20191003,75.40%,19991117-20191003,66.60%,20091025-20191003,66.00%
GQC00914278,13.311400000000001,144.736400000000003,85.299999999999997,GU,INARAJAN - NASA,,"15","10",19791101-20191003,74.90%,19991017-20191003,71.60%,20091009-20191003,58.30%
USC00914670,13.461900000000000,144.689400000000006,3.000000000000000,GU,PITI,,"15","10",19780701-20191003,69.60%,19990215-20191003,61.20%,20090609-20191003,58.30%
CQC00914801,14.171700000000000,145.242799999999988,179.199999999999989,MP,ROTA AIRPORT,"91221","15","10",19820601-20181016,62.40%,20000808-20181016,47.80%,20090911-20181016,45.70%
CQC00914855,15.116700000000000,145.716700000000003,65.500000000000000,MP,SAIPAN INTL AP,"91232","15","10",19790901-20191012,68.20%,19990921-20191012,51.60%,20091001-20191012,54.10%
